country,variable,specification,adf_statistic,pvalue,lags_used,nobs,critical_1pct,critical_5pct,critical_10pct
Indonesia,reserves_moi,Constant,-6.03207101753511,1.410199042274947e-07,1,27,-3.6996079738860943,-2.9764303469999494,-2.627601001371742
Malaysia,reserves_moi,Constant,-6.919797762534674,1.1543031881529764e-09,0,28,-3.6889256286443146,-2.9719894897959187,-2.6252957653061224
Thailand,reserves_moi,Constant,-5.4495398979659475,2.6634444469295592e-06,1,27,-3.6996079738860943,-2.9764303469999494,-2.627601001371742
