country,variable,specification,adf_statistic,pvalue,lags_used,nobs,critical_1pct,critical_5pct,critical_10pct
Indonesia,gdp_growth,Constant,-4.251623282249431,0.0005381604869834301,0,29,-3.6790595944893187,-2.9678817237279103,-2.6231583472057074
Indonesia,gdp_growth,Const+Trend,-4.291704885100114,0.0032409647089278893,0,29,-4.31024911353479,-3.5744878842920986,-3.221793310508836
Malaysia,gdp_growth,Constant,-5.688700804525908,8.165434186138528e-07,0,29,-3.6790595944893187,-2.9678817237279103,-2.6231583472057074
Malaysia,gdp_growth,Const+Trend,-5.611113093525522,1.3843883235994267e-05,0,29,-4.31024911353479,-3.5744878842920986,-3.221793310508836
Thailand,gdp_growth,Constant,-4.443477355495468,0.0002484354673070589,0,29,-3.6790595944893187,-2.9678817237279103,-2.6231583472057074
Thailand,gdp_growth,Const+Trend,-3.8803835924835974,0.012907406545288649,3,26,-4.356652259899864,-3.595299990896677,-3.233575694128357
