country,variable,specification,adf_statistic,pvalue,lags_used,nobs,critical_1pct,critical_5pct,critical_10pct
Indonesia,infl_diff,Constant,-2.3338115389953704,0.16129479684725745,7,21,-3.7883858816542486,-3.013097747543462,-2.6463967573696143
Malaysia,infl_diff,Constant,-5.746662210181441,6.099144435580553e-07,1,27,-3.6996079738860943,-2.9764303469999494,-2.627601001371742
Thailand,infl_diff,Constant,-10.241899028006179,4.725509571622368e-18,0,28,-3.6889256286443146,-2.9719894897959187,-2.6252957653061224
