country,variable,specification,adf_statistic,pvalue,lags_used,nobs,critical_1pct,critical_5pct,critical_10pct
Indonesia,depreciation,Constant,-5.6502964613012665,9.895985048090252e-07,2,25,-3.7238633119999998,-2.98648896,-2.6328004
Malaysia,depreciation,Constant,-7.362342323886019,9.428534775086352e-11,0,27,-3.6996079738860943,-2.9764303469999494,-2.627601001371742
Filipina,depreciation,Constant,-9.143815144675452,2.802788060720397e-15,1,26,-3.7112123008648155,-2.981246804733728,-2.6300945562130176
Singapura,depreciation,Constant,-7.072059942819764,4.908242305913241e-10,1,26,-3.7112123008648155,-2.981246804733728,-2.6300945562130176
Thailand,depreciation,Constant,-9.278579758128059,1.2691538984056707e-15,1,26,-3.7112123008648155,-2.981246804733728,-2.6300945562130176
