country,variable,specification,adf_statistic,pvalue,lags_used,nobs,critical_1pct,critical_5pct,critical_10pct
Indonesia,ca_gdp,Constant,-4.811010049102421,5.180887993304318e-05,0,28,-3.6889256286443146,-2.9719894897959187,-2.6252957653061224
Malaysia,ca_gdp,Constant,-1.743512555876295,0.40884432422178696,4,24,-3.7377092158564813,-2.9922162731481485,-2.635746736111111
Filipina,ca_gdp,Constant,-5.855009392108525,3.5167786746796514e-07,1,27,-3.6996079738860943,-2.9764303469999494,-2.627601001371742
Singapura,ca_gdp,Constant,-2.6557469070583877,0.08201397696382706,4,24,-3.7377092158564813,-2.9922162731481485,-2.635746736111111
Thailand,ca_gdp,Constant,-4.957622266854694,2.6902891920117804e-05,0,28,-3.6889256286443146,-2.9719894897959187,-2.6252957653061224
