country,variable,specification,adf_statistic,pvalue,lags_used,nobs,critical_1pct,critical_5pct,critical_10pct
Indonesia,corr_inv,Constant,-0.9380062023336194,0.7751989860565012,0,29,-3.6790595944893187,-2.9678817237279103,-2.6231583472057074
Indonesia,corr_inv,Const+Trend,-1.9150698335054746,0.6468245185351134,0,29,-4.31024911353479,-3.5744878842920986,-3.221793310508836
Malaysia,corr_inv,Constant,-3.245529534699757,0.017495950533967526,2,27,-3.6996079738860943,-2.9764303469999494,-2.627601001371742
Malaysia,corr_inv,Const+Trend,-3.380813451994272,0.054004649591019055,2,27,-4.339881664888482,-3.5877977071584612,-3.2293340725499164
Thailand,corr_inv,Constant,-3.4916042409448615,0.008205351177144144,0,29,-3.6790595944893187,-2.9678817237279103,-2.6231583472057074
Thailand,corr_inv,Const+Trend,-3.721691307617017,0.02096796798029367,0,29,-4.31024911353479,-3.5744878842920986,-3.221793310508836
