country,variable,specification,adf_statistic,pvalue,lags_used,nobs,critical_1pct,critical_5pct,critical_10pct
Indonesia,corr_inv,Constant,-5.081628975882115,1.5261750686321852e-05,0,28,-3.6889256286443146,-2.9719894897959187,-2.6252957653061224
Malaysia,corr_inv,Constant,-2.5731676261383236,0.09867074730701364,7,21,-3.7883858816542486,-3.013097747543462,-2.6463967573696143
Filipina,corr_inv,Constant,-5.112153231026248,1.3251231980332634e-05,0,28,-3.6889256286443146,-2.9719894897959187,-2.6252957653061224
Singapura,corr_inv,Constant,-5.215298223586292,8.181335092342209e-06,0,28,-3.6889256286443146,-2.9719894897959187,-2.6252957653061224
Thailand,corr_inv,Constant,-8.410868529702729,2.105647593226295e-13,0,28,-3.6889256286443146,-2.9719894897959187,-2.6252957653061224
