country,variable,specification,adf_statistic,pvalue,lags_used,nobs,critical_1pct,critical_5pct,critical_10pct
Indonesia,ca_gdp,Constant,-2.1157970763096308,0.23821014379057037,0,29,-3.6790595944893187,-2.9678817237279103,-2.6231583472057074
Indonesia,ca_gdp,Const+Trend,-2.679613436450024,0.24464439452989178,0,29,-4.31024911353479,-3.5744878842920986,-3.221793310508836
Malaysia,ca_gdp,Constant,-2.777075039505878,0.061623787061515285,0,29,-3.6790595944893187,-2.9678817237279103,-2.6231583472057074
Malaysia,ca_gdp,Const+Trend,-2.2897704572810706,0.43961616739047404,5,24,-4.395041166087963,-3.6123930960648147,-3.243216493055556
Thailand,ca_gdp,Constant,-3.287562571545728,0.015443664549588457,0,29,-3.6790595944893187,-2.9678817237279103,-2.6231583472057074
Thailand,ca_gdp,Const+Trend,-3.1430003098309984,0.09636934763776467,0,29,-4.31024911353479,-3.5744878842920986,-3.221793310508836
