country,variable,specification,adf_statistic,pvalue,lags_used,nobs,critical_1pct,critical_5pct,critical_10pct
Indonesia,infl_diff,Constant,-3.2061917234325765,0.019629063787808546,7,22,-3.769732625845229,-3.005425537190083,-2.6425009917355373
Indonesia,infl_diff,Const+Trend,-2.671455563447615,0.248124560661456,7,22,-4.441609162283997,-3.632984327573253,-3.2547885800150262
Malaysia,infl_diff,Constant,-4.754039773884916,6.653442695500599e-05,0,29,-3.6790595944893187,-2.9678817237279103,-2.6231583472057074
Malaysia,infl_diff,Const+Trend,-4.93135680093677,0.0002738700728913511,0,29,-4.31024911353479,-3.5744878842920986,-3.221793310508836
Thailand,infl_diff,Constant,-2.5718257810569343,0.09896123060592471,1,28,-3.6889256286443146,-2.9719894897959187,-2.6252957653061224
Thailand,infl_diff,Const+Trend,-5.1272043676394885,0.00011993279181009529,0,29,-4.31024911353479,-3.5744878842920986,-3.221793310508836
