country,variable,pp_stat_const,pp_pvalue_const,pp_stat_trend,pp_pvalue_trend,lags,nobs
Indonesia,corr_inv,-5.0649146452741,1.6484404967243482e-05,-4.979353674092355,0.00022431824328324578,9,29
Malaysia,corr_inv,-7.9787160744631365,2.658890438720544e-12,-8.769871364070315,1.2090241152928148e-12,9,29
Thailand,corr_inv,-11.131255351778117,3.277883159260022e-20,-14.689939263627345,3.2617084800950063e-22,9,29
