country,variable,pp_stat_const,pp_pvalue_const,pp_stat_trend,pp_pvalue_trend,lags,nobs
Indonesia,ca_gdp,-2.3299880530543406,0.1624785247017067,-2.608545486853748,0.2759748102208857,9,30
Malaysia,ca_gdp,-2.9056579782039664,0.04469399658688158,-3.7874087367991747,0.0172089457204019,9,30
Filipina,ca_gdp,-2.6438968353972374,0.08425975368868399,-2.392655885522425,0.3835305429725028,9,30
Singapura,ca_gdp,-3.2753591864963685,0.01601649639042978,-3.1773893396104254,0.08900203448407362,9,30
Thailand,ca_gdp,-3.3135904503427533,0.014281803423752749,-3.0712904027256505,0.11322680597810209,9,30
