country,variable,pp_stat_const,pp_pvalue_const,pp_stat_trend,pp_pvalue_trend,lags,nobs
Indonesia,ca_gdp,-4.795974725139729,5.535846697870887e-05,-4.819774366373535,0.0004324375438261824,9,29
Malaysia,ca_gdp,-5.231764542135168,7.569901553979878e-06,-5.6959512108792385,9.333471112324663e-06,9,29
Thailand,ca_gdp,-5.392039173129743,3.5200812977626585e-06,-5.513528807602556,2.1667999635533903e-05,9,29
