country,variable,pp_stat_const,pp_pvalue_const,pp_stat_trend,pp_pvalue_trend,pp_stat_none,pp_pvalue_none,lags,nobs
Indonesia,ca_gdp,-4.795974725139729,5.535846697870887e-05,-4.819774366373535,0.0004324375438261824,-4.89728024071326,1.67511031469292e-06,9,29
Malaysia,ca_gdp,-5.231764542135168,7.569901553979878e-06,-5.6959512108792385,9.333471112324663e-06,-5.3510703882434,2.1109986805897978e-07,9,29
Filipina,ca_gdp,-7.707024548321116,1.2934497458642906e-11,-12.802513886442075,2.4703634257769936e-20,-7.871376897253353,6.449617543028346e-13,9,29
Singapura,ca_gdp,-7.793642125757064,7.821538859166085e-12,-8.203834661911438,2.4151104580850426e-11,-7.975431378344087,3.733503821300035e-13,9,29
Thailand,ca_gdp,-5.392039173129743,3.5200812977626585e-06,-5.513528807602556,2.1667999635533903e-05,-5.5206774647944545,9.509163509068608e-08,9,29
