country,variable,pp_stat_const,pp_pvalue_const,pp_stat_trend,pp_pvalue_trend,lags,nobs
Indonesia,depreciation,-5.660152476071168,9.420448075021023e-07,-6.056094812477121,1.6733142121123907e-06,9,29
Malaysia,depreciation,-4.117373086659503,0.0009064283327027052,-4.141037041099203,0.00548618087819133,9,29
Filipina,depreciation,-4.236566686375746,0.0005710300488641077,-4.513764016421202,0.001433132874682289,9,29
Singapura,depreciation,-3.5110031211477124,0.007708966522495109,-3.6532048671914894,0.0256297402352494,9,29
Thailand,depreciation,-3.899581829610936,0.0020379267663848876,-4.087415058224626,0.006579994643112008,9,29
