country,variable,pp_stat_const,pp_pvalue_const,pp_stat_trend,pp_pvalue_trend,lags,nobs
Indonesia,depreciation,-18.895023507069517,0.0,-18.943134371089755,0.0,9,28
Malaysia,depreciation,-11.790647483651558,9.845166387347494e-22,-12.296754462950524,1.315115429158085e-19,9,28
Thailand,depreciation,-10.19967413738144,6.016380350324685e-18,-12.392220704853694,9.446664067819773e-20,9,28
