country,variable,pp_stat_const,pp_pvalue_const,pp_stat_trend,pp_pvalue_trend,lags,nobs
Indonesia,depreciation,-18.895023507069517,0.0,-18.943134371089755,0.0,9,28
Malaysia,depreciation,-11.790647483651558,9.845166387347494e-22,-12.296754462950524,1.315115429158085e-19,9,28
Filipina,depreciation,-12.299866715310731,7.492572539830495e-23,-13.476734972415915,3.6741509329137915e-21,9,28
Singapura,depreciation,-9.956298547255477,2.439148597498663e-17,-10.393866257758,3.494133061138399e-16,9,28
Thailand,depreciation,-10.19967413738144,6.016380350324685e-18,-12.392220704853694,9.446664067819773e-20,9,28
