country,variable,pp_stat_const,pp_pvalue_const,pp_stat_trend,pp_pvalue_trend,lags,nobs
Indonesia,gdp_growth,-4.174291731105719,0.0007281264745575944,-4.213040558866031,0.0042781236079671775,9,30
Malaysia,gdp_growth,-7.725850084569704,1.159632504575107e-11,-8.302386514138133,1.4304593419261662e-11,9,30
Filipina,gdp_growth,-5.597568476768577,1.286602529841581e-06,-5.6325602960358845,1.253582363838644e-05,9,30
Singapura,gdp_growth,-5.538346170087332,1.7241887923794699e-06,-6.000671491135574,2.1897331710126544e-06,9,30
Thailand,gdp_growth,-4.397126259387491,0.00030032802525109883,-4.289140535720357,0.0032707457572254918,9,30
