country,variable,pp_stat_const,pp_pvalue_const,pp_stat_trend,pp_pvalue_trend,lags,nobs
Indonesia,gdp_growth,-9.712956705388155,1.0002080784541829e-16,-9.019140603553716,3.285337860922284e-13,9,29
Malaysia,gdp_growth,-13.526268249915208,2.6748162833812003e-25,-13.127066627221033,9.412090936057737e-21,9,29
Thailand,gdp_growth,-11.301497214873834,1.3041070175865648e-20,-10.405331992288236,3.310901791171665e-16,9,29
