country,variable,pp_stat_const,pp_pvalue_const,pp_stat_trend,pp_pvalue_trend,lags,nobs
Indonesia,infl_diff,-12.981107212502856,2.9424609126251845e-24,-12.296711200167053,1.3153146827765984e-19,9,29
Malaysia,infl_diff,-16.16259169889525,4.449692407869013e-29,-16.096430468192956,1.1148747240046225e-22,9,29
Thailand,infl_diff,-12.844330029121554,5.521352318388867e-24,-13.865787181928582,1.4616787618160255e-21,9,29
