country,variable,pp_stat_const,pp_pvalue_const,pp_stat_trend,pp_pvalue_trend,lags,nobs
Indonesia,infl_diff,-4.210825490639124,0.0006316431370159444,-5.661999475606854,1.0934222128216088e-05,9,30
Malaysia,infl_diff,-4.864370603512535,4.089290373831653e-05,-5.760899130669166,6.882069338377243e-06,9,30
Thailand,infl_diff,-4.614918660459621,0.00012123361812246384,-5.450839416498184,2.8801526200837444e-05,9,30
