country,variable,pp_stat_const,pp_pvalue_const,pp_stat_trend,pp_pvalue_trend,lags,nobs
Indonesia,reserves_moi,-3.3742372689985216,0.011869107797614263,-3.54894067340177,0.03443853718295087,9,30
Malaysia,reserves_moi,-2.0943291619719906,0.24680097968533798,-1.5197343332224937,0.8222809062001863,9,30
Thailand,reserves_moi,-2.1663648998545986,0.2186786815132018,-2.522830998125577,0.31664319942493097,9,30
