lb_stat,lb_pvalue
1.2136221214584846,0.2706159546229296
1.213779262141122,0.5450435217579948
1.9483293305974527,0.5832001020067217
2.365680385166042,0.6688380518589412
