Country,Fixed_Effect
Filipina,0.06554327273216425
Indonesia,0.12144968169177472
Malaysia,0.05189733654355137
Singapura,0.06093421381550655
Thailand,0.03204218970569006
