Country,Fixed_Effect
Filipina,0.11069137484044408
Indonesia,0.14739690669546612
Malaysia,0.12122395695394952
Singapura,0.2152875725613762
Thailand,0.09764013451693888
