Variable,Coefficient,Std_Error,P_value,Model,R_squared,N_obs
const,-2.981555974335137e-19,3.376711358987781e-18,0.9296401255892094,Model_6_Interaction_Crisis,0.13709720535329017,145.0
corr_inv_l1,0.0008137352259706195,0.0013045126633775682,0.5327688955029584,Model_6_Interaction_Crisis,0.13709720535329017,145.0
infl_diff_l1,-0.006256689972281104,0.0007893162048545129,2.2500657542588524e-15,Model_6_Interaction_Crisis,0.13709720535329017,145.0
ca_gdp_l1,-0.0003284208673406165,0.002092645157692585,0.8752917070639835,Model_6_Interaction_Crisis,0.13709720535329017,145.0
reserves_moi_l1,-0.00479195331010713,0.0066368812052609635,0.47028289067685625,Model_6_Interaction_Crisis,0.13709720535329017,145.0
gdp_growth_l1,-0.003086627865713877,0.0036629819113159867,0.3994217507611333,Model_6_Interaction_Crisis,0.13709720535329017,145.0
crisis_combined,-9.821434188478731e-19,9.339588128176648e-19,0.2929868765793481,Model_6_Interaction_Crisis,0.13709720535329017,145.0
corr_crisis,0.0016540032276644331,0.000963022875344373,0.08588568596344597,Model_6_Interaction_Crisis,0.13709720535329017,145.0
